<?xml version="1.0" encoding="utf-8" ?>
<dwsync>
<file name="bootstrap.min.css" server="C:/wamp/www/BTCvedan/" local="130482728520000000" remote="130482728520000000" Dst="0" />
<file name="datepicker3.css" server="C:/wamp/www/BTCvedan/" local="130587929340000000" remote="130587929340000000" Dst="0" />
<file name="styles.css" server="C:/wamp/www/BTCvedan/" local="131547261980000000" remote="131547261980000000" Dst="0" />
<file name="bootstrap.min.css" server="C:/wamp/www/BETA-PACK/" local="130482728520000000" remote="130482728520000000" Dst="0" />
<file name="datepicker3.css" server="C:/wamp/www/BETA-PACK/" local="130587929340000000" remote="130587929340000000" Dst="0" />
<file name="styles.css" server="C:/wamp/www/BETA-PACK/" local="131547261980000000" remote="131547261980000000" Dst="0" />
<file name="bootstrap.min.css" server="C:/wamp/www/AlMON-PACK/" local="130482728520000000" remote="130482728520000000" Dst="0" />
<file name="datepicker3.css" server="C:/wamp/www/AlMON-PACK/" local="130587929340000000" remote="130587929340000000" Dst="0" />
<file name="styles.css" server="C:/wamp/www/AlMON-PACK/" local="131547261980000000" remote="131547261980000000" Dst="0" />
<file name="bootstrap.min.css" server="C:/wamp/www/MUZI-PACK/" local="130482908520000000" remote="130482908520000000" Dst="0" />
<file name="datepicker3.css" server="C:/wamp/www/MUZI-PACK/" local="130588109340000000" remote="130588109340000000" Dst="0" />
<file name="styles.css" server="C:/wamp/www/MUZI-PACK/" local="131547477980000000" remote="131547477980000000" Dst="0" />
</dwsync>