<?xml version="1.0" encoding="utf-8" ?>
<dwsync>
<file name="functions.js" server="C:/wamp/www/BTCvedan/" local="131635908721905932" remote="131635908720000000" Dst="0" />
<file name="lumino.glyphs.js" server="C:/wamp/www/BTCvedan/" local="130916368160000000" remote="130916368160000000" Dst="0" />
<file name="jquery-1.11.1.min.js" server="C:/wamp/www/BTCvedan/" local="130434407740000000" remote="130434407740000000" Dst="0" />
<file name="bootstrap.min.js" server="C:/wamp/www/BTCvedan/" local="130482728520000000" remote="130482728520000000" Dst="0" />
<file name="chart.min.js" server="C:/wamp/www/BTCvedan/" local="130554074700000000" remote="130554074700000000" Dst="0" />
<file name="chart-data.js" server="C:/wamp/www/BTCvedan/" local="130592330360000000" remote="130592330360000000" Dst="0" />
<file name="easypiechart.js" server="C:/wamp/www/BTCvedan/" local="130438178020000000" remote="130438178020000000" Dst="0" />
<file name="easypiechart-data.js" server="C:/wamp/www/BTCvedan/" local="130592288020000000" remote="130592288020000000" Dst="0" />
<file name="bootstrap-datepicker.js" server="C:/wamp/www/BTCvedan/" local="130356465140000000" remote="130356465140000000" Dst="0" />
<file name="lumino.glyphs.js" server="C:/wamp/www/BETA-PACK/" local="130916368160000000" remote="130916368160000000" Dst="0" />
<file name="lumino.glyphs.js" server="C:/wamp/www/AlMON-PACK/" local="130916368160000000" remote="130916368160000000" Dst="0" />
<file name="lumino.glyphs.js" server="C:/wamp/www/MUZI-PACK/" local="130916584160000000" remote="130916584160000000" Dst="0" />
</dwsync>