<?xml version="1.0" encoding="utf-8" ?>
<dwsync>
<file name="coinpayments.inc.php" server="C:/wamp/www/GeoCoinMine/" local="131472617162262900" remote="131472617160000000" Dst="-1" />
<file name="try.php" server="C:/wamp/www/GeoCoinMine/" local="131472765677211904" remote="131472765670000000" Dst="-1" />
<file name="coinpayments.inc.php" server="C:/wamp/www/BTCvedan/" local="131617370806897424" remote="131617370800000000" Dst="0" />
<file name="try.php" server="C:/wamp/www/BTCvedan/" local="131602357662228744" remote="131602357660000000" Dst="0" />
<file name="example_balances.php" server="C:/wamp/www/BTCvedan/" local="130341323640000000" remote="130341323640000000" Dst="-1" />
<file name="example_create_transaction.php" server="C:/wamp/www/BTCvedan/" local="131118818868848667" remote="131118818860000000" Dst="-1" />
<file name="example_create_transaction_simple.php" server="C:/wamp/www/BTCvedan/" local="131118819603499218" remote="131118819600000000" Dst="-1" />
<file name="example_create_transfer.php" server="C:/wamp/www/BTCvedan/" local="131118817811825580" remote="131118817810000000" Dst="-1" />
<file name="example_create_withdrawal.php" server="C:/wamp/www/BTCvedan/" local="131605062610401735" remote="131605062610000000" Dst="-1" />
<file name="example_rates.php" server="C:/wamp/www/BTCvedan/" local="130341323560000000" remote="130341323560000000" Dst="-1" />
<file name="example_send_to_paybyname.php" server="C:/wamp/www/BTCvedan/" local="131118818133963886" remote="131118818130000000" Dst="0" />
<file name="coinpayments.inc.php" server="C:/wamp/www/ACADmovi/" local="131653288365106002" remote="131653288360000000" Dst="0" />
<file name="try.php" server="C:/wamp/www/ACADmovi/" local="131653263370236377" remote="131653263370000000" Dst="0" />
<file name="coinpayments.inc.php" server="C:/wamp/www/ALPHA-PACK/" local="131653288360000000" remote="131653288360000000" Dst="0" />
<file name="try.php" server="C:/wamp/www/ALPHA-PACK/" local="131716396558288396" remote="131716396550000000" Dst="0" />
<file name="coinpayments.inc.php" server="C:/wamp/www/BETA-PACK/" local="131653288360000000" remote="131653288360000000" Dst="0" />
<file name="try.php" server="C:/wamp/www/BETA-PACK/" local="131736294764579018" remote="131736294760000000" Dst="0" />
<file name="coinpayments.inc.php" server="C:/wamp/www/AlMON-PACK/" local="131653288360000000" remote="131653288360000000" Dst="0" />
<file name="try.php" server="C:/wamp/www/AlMON-PACK/" local="131841699452443379" remote="131841699450000000" Dst="0" />
<file name="try.php" server="C:/wamp/www/AFPET_PACK/" local="131957083558695464" remote="131957083550000000" Dst="1" />
<file name="coinpayments.inc2.php" server="C:/wamp/www/AFPET_PACK/" local="131793930566004778" remote="131793930560000000" Dst="1" />
<file name="perfectmoney.php" server="C:/wamp/www/AFPET_PACK/" local="131898945560594997" remote="131898945560000000" Dst="1" />
<file name="coinpayments.inc.php" server="C:/wamp/www/AFPET_PACK/" local="131653288360000000" remote="131653288360000000" Dst="2" />
<file name="coinpayments.inc2.php" server="C:/wamp/www/FOTO-ZUBY/" local="131793930566004778" remote="131793930560000000" Dst="2" />
<file name="coinpayments.inc.php" server="C:/wamp/www/FOTO-ZUBY/" local="131653288360000000" remote="131653288360000000" Dst="2" />
<file name="try.php" server="C:/wamp/www/FOTO-ZUBY/" local="132003620699314836" remote="132003620690000000" Dst="2" />
<file name="try.php" server="C:/wamp/www/MUZI-PACK/" local="132376513533449274" remote="132376513530000000" Dst="0" />
<file name="coinpayments.inc.php" server="C:/wamp/www/MUZI-PACK/" local="131653468360000000" remote="131653468360000000" Dst="0" />
<file name="coinpayments.inc2.php" server="C:/wamp/www/MUZI-PACK/" local="131794110580000000" remote="131794110580000000" Dst="0" />
<file name="coinpayments.inc2.php" server="C:/wamp/www/2020FEAST/" local="131794290580000000" remote="131794290580000000" Dst="0" />
<file name="try.php" server="C:/wamp/www/2020FEAST/" local="132513677779335619" remote="132513677770000000" Dst="0" />
<file name="coinpayments.inc.php" server="C:/wamp/www/2020FEAST/" local="131653648360000000" remote="131653648360000000" Dst="0" />
</dwsync>